{"cameraMode":{"drawMode":0,"name":"Shaded","section":"Shading Mode"},"sceneLighting":false,"audioPlay":false,"sceneViewState":{"m_AlwaysRefresh":false,"showFog":true,"showSkybox":false,"showFlares":true,"showImageEffects":true,"showParticleSystems":true,"showVisualEffectGraphs":true,"m_FxEnabled":true},"in2DMode":false,"pivot":{"x":0.05290000140666962,"y":1.1411000490188599,"z":-0.015000000596046448},"rotation":{"x":-0.13597460091114045,"y":-0.039535026997327808,"z":0.005418187472969294,"w":-0.9899589419364929},"size":0.02806677483022213,"orthographic":false}