{"cameraMode":{"drawMode":0,"name":"Shaded","section":"Shading Mode"},"sceneLighting":false,"audioPlay":false,"sceneViewState":{"m_AlwaysRefresh":false,"showFog":true,"showSkybox":false,"showFlares":true,"showImageEffects":true,"showParticleSystems":true,"showVisualEffectGraphs":true,"m_FxEnabled":true},"in2DMode":false,"pivot":{"x":-0.5309524536132813,"y":-0.12778286635875703,"z":0.46098068356513979},"rotation":{"x":0.05719330906867981,"y":-0.557109534740448,"z":0.03850216045975685,"w":0.8275760412216187},"size":0.6372545957565308,"orthographic":false}